{"train_loss": [15.782217025756836, 14.095078468322754, 12.789460182189941, 11.183530807495117, 10.68258285522461, 10.224604606628418, 9.789249420166016, 9.521071434020996, 9.361684799194336, 9.193934440612793], "test_loss": [16.93771743774414, 16.310060501098633, 13.429460525512695, 13.183980941772461, 12.573607444763184, 12.103982925415039, 11.973421096801758, 11.705721855163574, 11.725907325744629, 11.470492362976074], "l1": [1.7734547853469849, 1.6233150959014893, 1.5547754764556885, 1.5045809745788574, 1.4436098337173462, 1.363094687461853, 1.3047738075256348, 1.2983347177505493, 1.3993592262268066, 1.2740788459777832], "l2": [3.791867971420288, 3.524996757507324, 3.8864214420318604, 4.0130696296691895, 4.01336145401001, 4.245389938354492, 4.504118919372559, 4.364034652709961, 4.300792217254639, 4.308828353881836], "l3": [11.372395515441895, 11.161747932434082, 7.988264560699463, 7.6663312911987305, 7.116637229919434, 6.4954986572265625, 6.1645283699035645, 6.043353080749512, 6.025756359100342, 5.887585163116455], "iouLoss": [0.0, 0.0, 0.0, 0.0, 0.0, 0.0, 0.0, 0.0, 0.0, 0.0]}